{
  "classifier": "random_forest",
  "n_folds": 5,
  "cv_time_seconds": 6.3918750286102295,
  "n_samples": 769,
  "scores": {
    "accuracy": {
      "cv_mean": 0.9921908157202275,
      "cv_std": 0.004877528347593666,
      "cv_scores": [
        0.9935064935064936,
        0.9935064935064936,
        1.0,
        0.987012987012987,
        0.9869281045751634
      ],
      "train_mean": 0.999349593495935,
      "train_std": 0.0007965820301733739
    },
    "f1_macro": {
      "cv_mean": 0.9901622386328268,
      "cv_std": 0.006103974298588429,
      "cv_scores": [
        0.9893333333333334,
        0.993202614379085,
        1.0,
        0.9822683982683984,
        0.9860068471833178
      ],
      "train_mean": 0.9990514721586574,
      "train_std": 0.0011625374516509392
    },
    "precision_macro": {
      "cv_mean": 0.9928952380952382,
      "cv_std": 0.0042567699847358195,
      "cv_scores": [
        0.995,
        0.992,
        1.0,
        0.9883333333333334,
        0.9891428571428571
      ],
      "train_mean": 0.999448275862069,
      "train_std": 0.0006757213083540033
    },
    "recall_macro": {
      "cv_mean": 0.9895555555555555,
      "cv_std": 0.007221367470787531,
      "cv_scores": [
        0.9866666666666666,
        0.9955555555555555,
        1.0,
        0.98,
        0.9855555555555555
      ],
      "train_mean": 0.9987179487179487,
      "train_std": 0.0015722779196672937
    }
  }
}